{"Background_1": {"gamma": 4.333333333333333, "log_10_amp": -14.886056647693163, "seed": 1986}, "Background_2": {"gamma": 2.3333333333333335, "log_10_amp": -14.301029995663981, "seed": 1667}}