{"J0030+0451": {"J0030+0451_efac": 1.196822010508383, "J0030+0451_log10_equad": -8.089467027081232, "J0030+0451_red_noise_gamma": 2.8518114377727297, "J0030+0451_red_noise_log10_A": -16.058960650299536}, "J0034-0534": {"J0034-0534_efac": 0.8935545701751921, "J0034-0534_log10_equad": -6.483398278963832, "J0034-0534_red_noise_gamma": 2.960786580964114, "J0034-0534_red_noise_log10_A": -15.677520135191743}, "J0218+4232": {"J0218+4232_efac": 1.4394944634336313, "J0218+4232_log10_equad": -7.585235229444218, "J0218+4232_red_noise_gamma": 3.060772943285346, "J0218+4232_red_noise_log10_A": -15.727618586598732}, "J0437-4715": {"J0437-4715_efac": 1.318787013621503, "J0437-4715_log10_equad": -8.045416395998714, "J0437-4715_red_noise_gamma": 5.172204633222196, "J0437-4715_red_noise_log10_A": -15.864217456199688}, "J0613-0200": {"J0613-0200_efac": 1.0403340724268781, "J0613-0200_log10_equad": -7.74390341474087, "J0613-0200_red_noise_gamma": 2.932913088006857, "J0613-0200_red_noise_log10_A": -16.01969786914273}, "J0621+1002": {"J0621+1002_efac": 1.141273428555531, "J0621+1002_log10_equad": -7.541258927151816, "J0621+1002_red_noise_gamma": 3.038605646895041, "J0621+1002_red_noise_log10_A": -15.730392081264757}, "J0711-6830": {"J0711-6830_efac": 1.049818520454576, "J0711-6830_log10_equad": -7.9761972887560635, "J0711-6830_red_noise_gamma": 2.9826786561700347, "J0711-6830_red_noise_log10_A": -15.935968723689962}, "J0751+1807": {"J0751+1807_efac": 1.162786473476213, "J0751+1807_log10_equad": -7.579500332202511, "J0751+1807_red_noise_gamma": 3.0347017626229515, "J0751+1807_red_noise_log10_A": -15.8408117202225}, "J0900-3144": {"J0900-3144_efac": 1.0518371990370041, "J0900-3144_log10_equad": -7.821715353093493, "J0900-3144_red_noise_gamma": 3.138618397313474, "J0900-3144_red_noise_log10_A": -15.610239494280018}, "J1012+5307": {"J1012+5307_efac": 0.9871321917387513, "J1012+5307_log10_equad": -7.91384015383594, "J1012+5307_red_noise_gamma": 2.957613377535149, "J1012+5307_red_noise_log10_A": -15.93376787550189}, "J1022+1001": {"J1022+1001_efac": 1.1811866392771904, "J1022+1001_log10_equad": -7.660368771182295, "J1022+1001_red_noise_gamma": 2.9435170134238793, "J1022+1001_red_noise_log10_A": -16.028690034168477}, "J1024-0719": {"J1024-0719_efac": 1.0352266261444165, "J1024-0719_log10_equad": -7.614861935224132, "J1024-0719_red_noise_gamma": 3.0039090962446338, "J1024-0719_red_noise_log10_A": -15.953263586307253}, "J1045-4509": {"J1045-4509_efac": 1.0798416549328136, "J1045-4509_log10_equad": -7.654879013891172, "J1045-4509_red_noise_gamma": 3.0570426790252716, "J1045-4509_red_noise_log10_A": -15.914147198483507}, "J1455-3330": {"J1455-3330_efac": 1.2875052911920974, "J1455-3330_log10_equad": -7.6399117182030984, "J1455-3330_red_noise_gamma": 3.026603033253302, "J1455-3330_red_noise_log10_A": -15.810213742591902}, "J1600-3053": {"J1600-3053_efac": 1.1231582596095941, "J1600-3053_log10_equad": -7.757936663876771, "J1600-3053_red_noise_gamma": 4.850525415803586, "J1600-3053_red_noise_log10_A": -15.406126142596086}, "J1603-7202": {"J1603-7202_efac": 1.0712274942962532, "J1603-7202_log10_equad": -7.827128889059149, "J1603-7202_red_noise_gamma": 4.274069017891467, "J1603-7202_red_noise_log10_A": -15.016993727968918}, "J1614-2230": {"J1614-2230_efac": 0.9397105066647562, "J1614-2230_log10_equad": -7.598244570986445, "J1614-2230_red_noise_gamma": 3.0428260820123283, "J1614-2230_red_noise_log10_A": -15.863191132209066}, "J1640+2224": {"J1640+2224_efac": 1.2945596134017707, "J1640+2224_log10_equad": -8.154823453159242, "J1640+2224_red_noise_gamma": 2.903103812089071, "J1640+2224_red_noise_log10_A": -16.304936058494516}, "J1643-1224": {"J1643-1224_efac": 1.2939807573965245, "J1643-1224_log10_equad": -8.016599634857757, "J1643-1224_red_noise_gamma": 2.855798574123252, "J1643-1224_red_noise_log10_A": -16.05552793948084}, "J1713+0747": {"J1713+0747_efac": 1.2770716348750353, "J1713+0747_log10_equad": -8.347971704775276, "J1713+0747_red_noise_gamma": 5.187398301293389, "J1713+0747_red_noise_log10_A": -15.55243673469268}, "J1730-2304": {"J1730-2304_efac": 1.3939571797442636, "J1730-2304_log10_equad": -8.055207033894156, "J1730-2304_red_noise_gamma": 2.9248212465442105, "J1730-2304_red_noise_log10_A": -15.844346647159787}, "J1744-1134": {"J1744-1134_efac": 1.1550545987270868, "J1744-1134_log10_equad": -7.464913836158668, "J1744-1134_red_noise_gamma": 2.8134621789616223, "J1744-1134_red_noise_log10_A": -16.2101369390973}, "J1857+0943": {"J1857+0943_efac": 1.2566896475698095, "J1857+0943_log10_equad": -7.943290137249123, "J1857+0943_red_noise_gamma": 2.9968093598899146, "J1857+0943_red_noise_log10_A": -15.854668697242285}, "J1909-3744": {"J1909-3744_efac": 1.571454997078867, "J1909-3744_log10_equad": -8.181220411597117, "J1909-3744_red_noise_gamma": 5.537018901887179, "J1909-3744_red_noise_log10_A": -15.938079073003383}, "J1918-0642": {"J1918-0642_efac": 0.9394104856670532, "J1918-0642_log10_equad": -7.436366065642316, "J1918-0642_red_noise_gamma": 3.0234872856362345, "J1918-0642_red_noise_log10_A": -15.942581181180033}, "J1939+2134": {"J1939+2134_efac": 4.056638869950158, "J1939+2134_log10_equad": -8.172034125478122, "J1939+2134_red_noise_gamma": 5.322506808035476, "J1939+2134_red_noise_log10_A": -15.615674074841458}, "J1944+0907": {"J1944+0907_efac": 1.3273284646947756, "J1944+0907_log10_equad": -7.529088198857493, "J1944+0907_red_noise_gamma": 2.932598294082756, "J1944+0907_red_noise_log10_A": -15.945474281669654}, "J2010-1323": {"J2010-1323_efac": 1.0519280745313557, "J2010-1323_log10_equad": -7.768247959532195, "J2010-1323_red_noise_gamma": 2.979782095132599, "J2010-1323_red_noise_log10_A": -15.891756929125718}, "J2124-3358": {"J2124-3358_efac": 1.0753002238461877, "J2124-3358_log10_equad": -7.972639550733515, "J2124-3358_red_noise_gamma": 2.971543216547994, "J2124-3358_red_noise_log10_A": -16.001642675524074}, "J2129-5721": {"J2129-5721_efac": 1.2874063133164657, "J2129-5721_log10_equad": -7.780192250160299, "J2129-5721_red_noise_gamma": 3.4955760328567482, "J2129-5721_red_noise_log10_A": -15.582948142890888}, "J2145-0750": {"J2145-0750_efac": 1.0656860063073128, "J2145-0750_log10_equad": -7.643672528199135, "J2145-0750_red_noise_gamma": 3.5294589880800915, "J2145-0750_red_noise_log10_A": -15.51544392961827}, "J2229+2643": {"J2229+2643_efac": 1.5372152130279264, "J2229+2643_log10_equad": -7.363919191393841, "J2229+2643_red_noise_gamma": 3.2409426509769763, "J2229+2643_red_noise_log10_A": -15.595380526235505}, "J2317+1439": {"J2317+1439_efac": 1.1605843163514769, "J2317+1439_log10_equad": -7.883216388137978, "J2317+1439_red_noise_gamma": 3.4874924904769595, "J2317+1439_red_noise_log10_A": -15.498518343513963}}